order_id,	cutomer_id,	product_id, order_id	order_date,	quantity,	total_amount,	email,	note,	first_name,	last_name
5001	101	9001	2023-01-01	10	100	smaple@email.com	Let's consider this as the 1st note. 	John 	Doe
5002	102	9002	20-01-02	11	120	sample2@email.com	Let's consider this as the 2nd note. 	Amir	Bhai
5003	103	9003	2023-01-02	12	140	smaple@email.com	Let's consider this as the 1st note. 	Modhu	Sue
5004	104	9004	20-01-03	13	160	sample2@email.com	Let's consider this as the 2nd note. 	Karim	Mia
5005	105	9005	2023-01-03	14	180	smaple@email.com	Let's consider this as the 1st note. 	Millon 	Ahmed
5006	106	9006	20-01-04	15	200	sample2@email.com	Let's consider this as the 2nd note. 	Amir	Bhai
5007	107	9007	2023-01-04	16	220	smaple@email.com	Let's consider this as the 1st note. 	John 	Doe
5008	108	9008	20-01-05	17	240	sample2@email.com	Let's consider this as the 2nd note. 	Amir	Bhai
5009	109	9009	2023-01-05	18	260	smaple@email.com	Let's consider this as the 1st note. 	John 	Doe
5010	110	9010	20-01-06	19	280	sample2@email.com	Let's consider this as the 2nd note. 	Amir	Bhai
5011	111	9011	2023-01-06	20	300	smaple@email.com	Let's consider this as the 1st note. 	John 	Doe
5012	112	9012	20-01-07	21	320	sample2@email.com	Let's consider this as the 2nd note. 	Amir	Bhai
5013	113	9013	2023-01-07	22	340	smaple@email.com	Let's consider this as the 1st note. 	John 	Doe
5014	114	9014	20-01-08	23	360	sample2@email.com	Let's consider this as the 2nd note. 	Amir	Bhai
5015	115	9015	2023-01-08	24	380	smaple@email.com	Let's consider this as the 1st note. 	John 	Doe
5016	116	9016	2023-01-08	25	400	smaple@email.com	Let's consider this as the 3rd note.	Shoel	Taj
5017	117	9017	20-01-09	26	420	sample2@email.com	Let's consider this as the 4th note.	Malik	Billah
5018	118	9018	2023-01-02	27	440	smaple@email.com	Let's consider this as the 1st note. 	John 	Doe
5019	119	9019	20-01-03	28	460	sample2@email.com	Let's consider this as the 2nd note. 	Amir	Bhai
5020	120	9020	2023-01-03	29	480	smaple@email.com	Let's consider this as the 1st note. 	Modhu	Sue
5021	121	9021	20-01-04	30	500	sample2@email.com	Let's consider this as the 2nd note. 	Karim	Mia
5022	122	9022	2023-01-04	31	520	smaple@email.com	Let's consider this as the 1st note. 	Millon 	Ahmed
5023	123	9023	20-01-05	32	540	sample2@email.com	Let's consider this as the 2nd note. 	Amir	Bhai
5024	124	9024	2023-01-05	33	560	smaple@email.com	Let's consider this as the 1st note. 	John 	Doe
5025	125	9025	20-01-06	34	580	sample2@email.com	Let's consider this as the 2nd note. 	Amir	Bhai
5026	126	9026	2023-01-06	35	600	smaple@email.com	Let's consider this as the 1st note. 	John 	Doe
5027	127	9027	20-01-07	36	620	sample2@email.com	Let's consider this as the 2nd note. 	Amir	Bhai
5028	128	9028	2023-01-07	37	640	smaple@email.com	Let's consider this as the 1st note. 	John 	Doe
5029	129	9029	20-01-08	38	660	sample2@email.com	Let's consider this as the 2nd note. 	Amir	Bhai
5030	130	9030	2023-01-08	39	680	smaple@email.com	Let's consider this as the 1st note. 	John 	Doe
5031	131	9031	20-01-09	40	700	sample2@email.com	Let's consider this as the 2nd note. 	Amir	Bhai
5032	132	9032	2023-01-08	41	720	smaple@email.com	Let's consider this as the 1st note. 	John 	Doe
5033	133	9033	2023-01-08	42	740	smaple@email.com	Let's consider this as the 3rd note.	Shoel	Taj
5034	134	9034	20-01-10	43	760	sample2@email.com	Let's consider this as the 4th note.	Malik	Billah
5035	135	9035	2023-01-03	44	780	smaple@email.com	Let's consider this as the 1st note. 	John 	Doe
5036	136	9036	20-01-04	45	800	sample2@email.com	Let's consider this as the 2nd note. 	Amir	Bhai
5037	137	9037	2023-01-04	46	820	smaple@email.com	Let's consider this as the 1st note. 	Modhu	Sue
5038	138	9038	20-01-05	47	840	sample2@email.com	Let's consider this as the 2nd note. 	Karim	Mia
5039	139	9039	2023-01-05	48	860	smaple@email.com	Let's consider this as the 1st note. 	Millon 	Ahmed
5040	140	9040	20-01-06	49	880	sample2@email.com	Let's consider this as the 2nd note. 	Amir	Bhai
5041	141	9041	2023-01-06	50	900	smaple@email.com	Let's consider this as the 1st note. 	John 	Doe
5042	142	9042	20-01-07	51	920	sample2@email.com	Let's consider this as the 2nd note. 	Amir	Bhai
5043	143	9043	2023-01-07	52	940	smaple@email.com	Let's consider this as the 1st note. 	John 	Doe
5044	144	9044	20-01-08	53	960	sample2@email.com	Let's consider this as the 2nd note. 	Amir	Bhai
5045	145	9045	2023-01-08	54	980	smaple@email.com	Let's consider this as the 1st note. 	John 	Doe
5046	146	9046	20-01-09	55	1000	sample2@email.com	Let's consider this as the 2nd note. 	Amir	Bhai
5047	147	9047	2023-01-09	56	1020	smaple@email.com	Let's consider this as the 1st note. 	John 	Doe
5048	148	9048	20-01-10	57	1040	sample2@email.com	Let's consider this as the 2nd note. 	Amir	Bhai
5049	149	9049	2023-01-08	58	1060	smaple@email.com	Let's consider this as the 1st note. 	John 	Doe
5050	150	9050	2023-01-08	59	1080	smaple@email.com	Let's consider this as the 3rd note.	Shoel	Taj
5051	151	9051	20-01-11	60	1100	sample2@email.com	Let's consider this as the 4th note.	Malik	Billah
5052	152	9052	2023-01-04	61	1120	smaple@email.com	Let's consider this as the 1st note. 	John 	Doe
5053	153	9053	20-01-05	62	1140	sample2@email.com	Let's consider this as the 2nd note. 	Amir	Bhai
5054	154	9054	2023-01-05	63	1160	smaple@email.com	Let's consider this as the 1st note. 	Modhu	Sue
5055	155	9055	20-01-06	64	1180	sample2@email.com	Let's consider this as the 2nd note. 	Karim	Mia
5056	156	9056	2023-01-06	65	1200	smaple@email.com	Let's consider this as the 1st note. 	Millon 	Ahmed
5057	157	9057	20-01-07	66	1220	sample2@email.com	Let's consider this as the 2nd note. 	Amir	Bhai
5058	158	9058	2023-01-07	67	1240	smaple@email.com	Let's consider this as the 1st note. 	John 	Doe
5059	159	9059	20-01-08	68	1260	sample2@email.com	Let's consider this as the 2nd note. 	Amir	Bhai
5060	160	9060	2023-01-08	69	1280	smaple@email.com	Let's consider this as the 1st note. 	John 	Doe
5061	161	9061	20-01-09	70	1300	sample2@email.com	Let's consider this as the 2nd note. 	Amir	Bhai
5062	162	9062	2023-01-09	71	1320	smaple@email.com	Let's consider this as the 1st note. 	John 	Doe
5063	163	9063	20-01-10	72	1340	sample2@email.com	Let's consider this as the 2nd note. 	Amir	Bhai
5064	164	9064	2023-01-10	73	1360	smaple@email.com	Let's consider this as the 1st note. 	John 	Doe
5065	165	9065	20-01-11	74	1380	sample2@email.com	Let's consider this as the 2nd note. 	Amir	Bhai
5066	166	9066	2023-01-08	75	1400	smaple@email.com	Let's consider this as the 1st note. 	John 	Doe
5067	167	9067	2023-01-08	76	1420	smaple@email.com	Let's consider this as the 3rd note.	Shoel	Taj
5068	168	9068	20-01-12	77	1440	sample2@email.com	Let's consider this as the 4th note.	Malik	Billah
5069	169	9069	2023-01-05	78	1460	smaple@email.com	Let's consider this as the 1st note. 	John 	Doe
5070	170	9070	20-01-06	79	1480	sample2@email.com	Let's consider this as the 2nd note. 	Amir	Bhai
5071	171	9071	2023-01-06	80	1500	smaple@email.com	Let's consider this as the 1st note. 	Modhu	Sue
5072	172	9072	20-01-07	81	1520	sample2@email.com	Let's consider this as the 2nd note. 	Karim	Mia
5073	173	9073	2023-01-07	82	1540	smaple@email.com	Let's consider this as the 1st note. 	Millon 	Ahmed
5074	174	9074	20-01-08	83	1560	sample2@email.com	Let's consider this as the 2nd note. 	Amir	Bhai
5075	175	9075	2023-01-08	84	1580	smaple@email.com	Let's consider this as the 1st note. 	John 	Doe
5076	176	9076	20-01-09	85	1600	sample2@email.com	Let's consider this as the 2nd note. 	Amir	Bhai
5077	177	9077	2023-01-09	86	1620	smaple@email.com	Let's consider this as the 1st note. 	John 	Doe
5078	178	9078	20-01-10	87	1640	sample2@email.com	Let's consider this as the 2nd note. 	Amir	Bhai
5079	179	9079	2023-01-10	88	1660	smaple@email.com	Let's consider this as the 1st note. 	John 	Doe
5080	180	9080	20-01-11	89	1680	sample2@email.com	Let's consider this as the 2nd note. 	Amir	Bhai
5081	181	9081	2023-01-11	90	1700	smaple@email.com	Let's consider this as the 1st note. 	John 	Doe
5082	182	9082	20-01-12	91	1720	sample2@email.com	Let's consider this as the 2nd note. 	Amir	Bhai
5083	183	9083	2023-01-08	92	1740	smaple@email.com	Let's consider this as the 1st note. 	John 	Doe
5084	184	9084	2023-01-08	93	1760	smaple@email.com	Let's consider this as the 3rd note.	Shoel	Taj
5085	185	9085	20-01-13	94	1780	sample2@email.com	Let's consider this as the 4th note.	Malik	Billah
5086	186	9086	2023-01-06	95	1800	smaple@email.com	Let's consider this as the 1st note. 	John 	Doe
5087	187	9087	20-01-07	96	1820	sample2@email.com	Let's consider this as the 2nd note. 	Amir	Bhai
5088	188	9088	2023-01-07	97	1840	smaple@email.com	Let's consider this as the 1st note. 	Modhu	Sue
5089	189	9089	20-01-08	98	1860	sample2@email.com	Let's consider this as the 2nd note. 	Karim	Mia
5090	190	9090	2023-01-08	99	1880	smaple@email.com	Let's consider this as the 1st note. 	Millon 	Ahmed
5091	191	9091	20-01-09	100	1900	sample2@email.com	Let's consider this as the 2nd note. 	Amir	Bhai
5092	192	9092	2023-01-09	101	1920	smaple@email.com	Let's consider this as the 1st note. 	John 	Doe
5093	193	9093	20-01-10	102	1940	sample2@email.com	Let's consider this as the 2nd note. 	Amir	Bhai
5094	194	9094	2023-01-10	103	1960	smaple@email.com	Let's consider this as the 1st note. 	John 	Doe
5095	195	9095	20-01-11	104	1980	sample2@email.com	Let's consider this as the 2nd note. 	Amir	Bhai
5096	196	9096	2023-01-11	105	2000	smaple@email.com	Let's consider this as the 1st note. 	John 	Doe
5097	197	9097	20-01-12	106	2020	sample2@email.com	Let's consider this as the 2nd note. 	Amir	Bhai
5098	198	9098	2023-01-12	107	2040	smaple@email.com	Let's consider this as the 1st note. 	John 	Doe
5099	199	9099	20-01-13	108	2060	sample2@email.com	Let's consider this as the 2nd note. 	Amir	Bhai
